<!DOCTYPE html>
<html lang="en-us" prefix="content: http://purl.org/rss/1.0/modules/content/ dc: http://purl.org/dc/terms/ foaf: http://xmlns.com/foaf/0.1/ og: http://ogp.me/ns# rdfs: http://www.w3.org/2000/01/rdf-schema# sioc: http://rdfs.org/sioc/ns# sioct: http://rdfs.org/sioc/types# skos: http://www.w3.org/2004/02/skos/core# xsd: http://www.w3.org/2001/XMLSchema#">
<head>
<meta http-equiv="Content-Type" content="text/html; charset=UTF-8">
<style type="text/css">
        @charset "UTF-8";
        [ng\:cloak],
        [ng-cloak],
        [data-ng-cloak],
        [x-ng-cloak],
        .ng-cloak,
        .x-ng-cloak,
        .ng-hide:not(.ng-hide-animate) {
            display: none !important;
        }

        ng\:form {
            display: block;
        }

        .ng-animate-shim {
            visibility: hidden;
        }

        .ng-anchor {
            position: absolute;
        }
    </style>
<meta http-equiv="X-UA-Compatible" content="IE=edge">
<meta name="viewport" content="width=device-width, initial-scale=1">
<title>Oops, something lost</title>
<meta name="description" content="Oops, looks like the page is lost. Start your website on the cheap.">
<link media="all" rel="stylesheet" href="/htdocs_error/style.css">
<link rel="stylesheet" href="https://maxcdn.bootstrapcdn.com/bootstrap/3.3.7/css/bootstrap.min.css">
<link href="https://fonts.googleapis.com/css?family=Open+Sans:300,300i,400,400i,600,600i,700,700i,800,800i" rel="stylesheet">
<script>
        (function(i,s,o,g,r,a,m){i['GoogleAnalyticsObject']=r;i[r]=i[r]||function(){
                (i[r].q=i[r].q||[]).push(arguments)},i[r].l=1*new Date();a=s.createElement(o),
            m=s.getElementsByTagName(o)[0];a.async=1;a.src=g;m.parentNode.insertBefore(a,m)
        })(window,document,'script','https://www.google-analytics.com/analytics.js','ga');

        ga('create', 'UA-26575989-46', 'auto');
        ga('send', 'pageview');

    </script>
</head>
<body>
<div class="error" id="error">
<div class="container">
<div class="content centered"><img style="width:500px;" src="/htdocs_error/something-lost.png">
<h1>Oops, looks like the page is lost.</h1>
<p style="font-size:22px;" class="sub-header text-block-narrow">This is not a fault, just an accident that was not intentional.</p>
</div>
</div>
<script defer src="https://static.cloudflareinsights.com/beacon.min.js/v52afc6f149f6479b8c77fa569edb01181681764108816" integrity="sha512-jGCTpDpBAYDGNYR5ztKt4BQPGef1P0giN6ZGVUi835kFF88FOmmn8jBQWNgrNd8g/Yu421NdgWhwQoaOPFflDw==" data-cf-beacon='{"rayId":"7d7283e909b60a8f","version":"2023.4.0","r":1,"b":1,"token":"fb064222772341e99ff4b17f35bfba63","si":100}' crossorigin="anonymous"></script>
</body>
</html>
